"Name","Color","Rarity","# Seen","ALSA","# Picked","ATA","# GP","% GP","GP WR","# OH","OH WR","# GD","GD WR","# GIH","GIH WR","# GNS","GNS WR","IIH"
"Action News Crew","W","C","57412","3.52","16799","4.43","42015","63.9%","56.9%","7558","55.0%","9510","55.2%","17068","55.1%","24969","58.1%","-3.0pp"
"Agent Bishop, Man in Black","W","R","3126","1.22","2748","1.23","9955","91.6%","59.5%","1756","65.9%","2635","64.9%","4391","65.3%","5626","55.2%","10.1pp"
"All Will Be One","R","M","511","2.69","152","","88","14.9%","","13","","23","","36","","53","",""
"Anchovy & Banana Pizza","B","C","36836","2.26","18883","2.47","62323","85.1%","56.8%","10406","54.7%","16027","59.8%","26433","57.8%","33031","55.3%","2.5pp"
"April O'Neil, Hacktivist","U","R","4094","1.63","3194","1.63","11273","89.5%","59.3%","1954","63.4%","3276","64.7%","5230","64.2%","6130","55.1%","9.1pp"
"April O'Neil, Kunoichi Trainee","W","C","45932","2.82","18125","3.18","56870","80.2%","58.0%","10310","59.7%","12906","57.8%","23216","58.6%","33655","57.7%","0.9pp"
"April, Reporter of the Weird","U","U","22407","3.66","5545","4.82","5713","26.9%","50.6%","1028","49.5%","1583","51.9%","2611","50.9%","3118","50.1%","0.8pp"
"Arcbound Ravager","","R","438","","227","","580","69.9%","54.1%","120","","157","","277","","295","",""
"Armaggon, Future Shark","B","R","3552","1.44","2714","1.45","8859","82.6%","58.5%","1458","57.8%","2519","66.9%","3977","63.5%","4884","54.5%","9.1pp"
"Ashcoat of the Shadow Swarm","B","M","448","","162","","157","27.0%","","29","","29","","58","","99","",""
"Baxter Stockman","UR","U","17807","2.69","8872","2.89","25431","73.1%","57.3%","4243","56.6%","7244","61.9%","11487","60.0%","14010","55.2%","4.8pp"
"Bebop & Rocksteady","BG","R","4588","2.04","2101","2.19","5527","69.0%","55.0%","1000","57.3%","1507","57.2%","2507","57.2%","3032","53.3%","4.0pp"
"Bebop, Warthog Warrior","B","C","61461","3.91","14955","5.28","19664","34.2%","53.5%","3483","51.0%","5021","54.1%","8504","52.8%","11215","53.9%","-1.1pp"
"Bespoke B?","U","U","18115","2.79","7843","3.16","22255","73.3%","55.8%","3813","53.6%","6399","59.2%","10212","57.1%","11858","54.6%","2.5pp"
"Bot Bashing Time","R","C","56620","3.57","16096","4.55","33746","54.3%","54.5%","5634","51.5%","8918","55.9%","14552","54.2%","19199","54.7%","-0.5pp"
"Brainstorm","U","C","556","2.89","164","","291","48.3%","","49","","84","","133","","158","",""
"Brilliance Unleashed","UR","U","18293","2.64","10016","2.80","30545","76.9%","58.9%","5137","57.6%","8903","65.1%","14040","62.4%","16507","56.0%","6.3pp"
"Broadcast Takeover","R","M","5055","3.29","1493","4.26","102","1.8%","","19","","28","","47","","55","",""
"Buzz Bots","U","C","51248","3.15","19949","3.66","61712","79.1%","57.3%","11248","58.6%","17171","60.1%","28419","59.5%","32874","55.3%","4.2pp"
"Casey Jones, Jury-Rig Justiciar","R","U","18721","2.77","7998","3.05","22986","73.2%","58.3%","4039","60.8%","6158","60.4%","10197","60.5%","12803","56.6%","4.0pp"
"Casey Jones, Vigilante","R","R","6015","2.74","2131","3.28","3300","40.2%","54.0%","563","48.5%","811","55.5%","1374","52.6%","1924","55.0%","-2.4pp"
"Chrome Dome","","R","3588","1.49","2715","1.48","9470","88.8%","57.1%","1731","58.5%","2586","61.5%","4317","60.3%","5085","54.3%","6.0pp"
"Conqueror's Flail","","R","351","","165","","415","69.4%","","58","","107","","165","","247","",""
"Cool but Rude","R","R","4646","2.21","1905","2.45","3765","51.9%","54.2%","665","52.9%","939","55.0%","1604","54.1%","2155","54.2%","-0.1pp"
"Courier of Comestibles","G","U","17570","2.54","9006","2.67","26377","74.7%","58.2%","4770","61.2%","7531","62.8%","12301","62.2%","14109","54.7%","7.5pp"
"Cowabunga!","G","C","62015","4.21","14341","5.66","12849","23.5%","52.9%","2382","52.2%","3341","54.7%","5723","53.7%","7132","52.3%","1.4pp"
"Crustacean Commando","U","C","62583","4.12","15955","5.44","17190","28.3%","51.6%","3106","48.9%","4708","53.7%","7814","51.8%","9354","51.3%","0.4pp"
"Cytoplast Manipulator","U","R","423","","193","","428","55.7%","","75","","137","","212","","219","",""
"Dark Leo & Shredder","WB","M","2305","1.40","1618","1.40","4807","75.2%","59.6%","854","68.6%","1258","60.7%","2112","63.9%","2717","56.2%","7.6pp"
"Death in the Family","B","U","13969","2.09","7588","2.26","25508","86.5%","57.2%","4533","58.0%","6505","58.2%","11038","58.1%","14471","56.5%","1.6pp"
"Dimension X","","C","40325","3.80","12832","4.85","24306","48.9%","56.6%","4546","58.8%","5797","57.2%","10343","57.9%","13946","55.7%","2.2pp"
"Dimensional Exile","W","U","12893","1.95","7336","2.05","25124","86.9%","58.5%","4347","59.3%","6091","60.9%","10438","60.3%","14662","57.3%","3.0pp"
"Does Machines","U","R","4348","1.81","2820","1.86","8797","80.7%","58.5%","1549","58.2%","2512","62.8%","4061","61.0%","4731","56.3%","4.7pp"
"Don & Leo, Problem Solvers","WU","R","3038","1.19","2835","1.19","10916","96.4%","59.5%","1877","60.9%","3033","66.3%","4910","64.3%","6070","55.6%","8.7pp"
"Don & Raph, Hard Science","UR","R","4934","2.19","2195","2.40","5185","62.4%","54.3%","877","54.6%","1448","53.0%","2325","53.6%","2870","54.8%","-1.2pp"
"Donatello's Technique","U","U","20947","3.33","6239","4.20","10597","44.2%","52.5%","1823","49.8%","2907","54.0%","4730","52.4%","5873","52.7%","-0.3pp"
"Donatello, Gadget Master","U","R","4177","1.73","2541","1.80","8299","83.6%","56.5%","1458","57.3%","2352","59.6%","3810","58.7%","4495","54.7%","4.0pp"
"Donatello, Mutant Mechanic","U","M","1874","1.43","1415","1.44","4692","85.3%","57.4%","789","61.2%","1371","60.6%","2160","60.8%","2561","54.4%","6.4pp"
"Donatello, Turtle Techie","U","C","55871","3.31","20452","3.94","56491","71.3%","56.8%","9653","55.5%","15963","59.8%","25616","58.2%","30937","55.7%","2.5pp"
"Donatello, Way with Machines","U","U","15150","2.45","6819","2.69","21728","82.5%","55.3%","3774","56.7%","6233","56.8%","10007","56.8%","11804","54.1%","2.7pp"
"Doubling Season","G","M","456","","144","","175","33.1%","","25","","47","","72","","103","",""
"Dream Beavers","B","U","14031","2.02","8144","2.10","27329","84.6%","59.7%","4988","67.5%","6910","60.6%","11898","63.5%","15460","56.7%","6.8pp"
"EPF Point Squad","WR","C","54923","3.43","13644","4.58","26530","50.7%","54.5%","4540","53.9%","6300","52.1%","10840","52.9%","15726","55.6%","-2.7pp"
"East Wind Avatar","W","C","57754","3.68","13802","4.90","23223","43.3%","55.5%","3948","54.4%","5517","54.6%","9465","54.5%","13849","56.1%","-1.6pp"
"Escape Tunnel","","C","36018","3.02","14265","3.71","52005","93.8%","57.2%","9590","58.5%","13478","58.0%","23068","58.2%","28896","56.5%","1.7pp"
"Everything Pizza","","U","20181","2.85","10184","3.02","26963","67.1%","59.7%","5190","61.8%","7015","65.1%","12205","63.7%","12570","54.0%","9.7pp"
"Featherbrained Filcher","W","U","18554","2.87","7274","3.21","18885","66.0%","57.3%","3412","59.4%","4135","53.8%","7547","56.4%","11345","57.9%","-1.5pp"
"Foot Elite","WB","C","56520","3.45","14205","4.59","29390","53.3%","55.3%","5222","55.1%","7002","54.4%","12224","54.7%","17184","55.7%","-1.0pp"
"Foot Headquarters","","C","38312","3.45","12994","4.36","35763","70.8%","57.7%","6747","58.9%","8407","56.8%","15154","57.7%","20575","57.6%","0.1pp"
"Foot Mystic","B","C","62107","4.03","13581","5.55","12096","23.2%","52.2%","2051","49.0%","3042","51.9%","5093","50.8%","7028","53.2%","-2.5pp"
"Foot Ninjas","WB","C","55197","3.32","16869","4.17","43494","66.9%","56.5%","7186","52.8%","11010","57.4%","18196","55.6%","25449","57.0%","-1.4pp"
"Frog Butler","G","C","40390","2.45","19780","2.62","66707","86.1%","57.8%","12330","62.7%","18252","61.7%","30582","62.1%","36213","54.1%","8.0pp"
"Fugitive Droid","U","U","20100","3.11","6979","3.71","17694","65.6%","55.4%","3111","55.5%","4892","56.0%","8003","55.8%","9582","55.1%","0.7pp"
"General Traag, Heart of Stone","R","U","18686","2.85","7313","3.23","19398","68.5%","56.7%","3242","55.5%","5214","59.4%","8456","57.9%","10702","55.5%","2.4pp"
"Genghis Frog","UG","U","18360","2.88","7605","3.24","18853","64.3%","55.5%","3346","58.5%","5457","59.2%","8803","58.9%","10008","52.6%","6.4pp"
"Go Ninja Go","WR","U","20969","3.32","6524","4.05","11381","44.8%","55.0%","1943","55.1%","2657","53.6%","4600","54.2%","6785","55.5%","-1.3pp"
"Groundchuck & Dirtbag","G","R","4014","1.75","2424","1.82","7252","78.9%","55.6%","1277","56.3%","2072","59.3%","3349","58.2%","3970","53.1%","5.1pp"
"Grounded for Life","W","C","47755","2.96","14969","3.69","41797","71.8%","56.6%","7082","55.1%","10198","57.6%","17280","56.6%","24498","56.6%","-0.0pp"
"Guac & Marshmallow Pizza","G","C","59864","3.88","15584","5.10","22910","38.5%","54.2%","3895","51.9%","5919","58.1%","9814","55.6%","11878","52.2%","3.4pp"
"Hamato Guardian Stance","W","C","64244","4.25","15613","5.61","15478","25.6%","56.3%","2472","54.9%","3571","55.5%","6043","55.3%","9440","56.9%","-1.6pp"
"Hard-Won Jitte","R","U","22600","3.67","5073","5.02","4404","22.7%","50.3%","762","43.3%","1066","50.0%","1828","47.2%","2530","52.6%","-5.4pp"
"Henchbots","","U","19600","2.84","5687","3.57","14016","64.8%","53.5%","2373","50.9%","3783","55.1%","6156","53.5%","7827","53.3%","0.2pp"
"High-Flying Ace","W","C","56811","3.57","15043","4.63","32715","56.0%","56.9%","5585","55.2%","7703","57.0%","13288","56.2%","19485","57.3%","-1.1pp"
"Ice Cream Kitty","BG","C","57139","3.43","17422","4.37","43116","64.1%","54.9%","7883","53.1%","10816","56.1%","18699","54.9%","22977","54.6%","0.3pp"
"Illegitimate Business","","C","38208","3.47","13483","4.29","36731","70.3%","56.3%","6774","58.5%","9731","57.3%","16505","57.8%","20106","55.0%","2.8pp"
"Improvised Arsenal","R","R","4456","1.92","2562","1.98","7517","75.9%","55.1%","1348","54.7%","2028","58.0%","3376","56.7%","4021","53.3%","3.4pp"
"Insectoid Exterminator","B","C","61621","3.95","14247","5.34","17154","31.4%","53.5%","2999","50.8%","4240","53.6%","7239","52.4%","9921","54.3%","-1.8pp"
"Jennika's Technique","R","U","24247","3.94","5773","5.34","2932","13.3%","53.1%","513","50.3%","793","56.2%","1306","53.9%","1629","52.2%","1.7pp"
"Jennika, Bad Apple Big Sister","W","C","59462","3.47","17542","4.44","42098","61.6%","57.0%","7252","55.2%","9945","56.8%","17197","56.1%","24899","57.6%","-1.5pp"
"Karai's Technique","WB","U","16417","2.53","7375","2.75","21197","74.4%","57.0%","3566","55.3%","5218","57.3%","8784","56.5%","12408","57.3%","-0.7pp"
"Karai, Future of the Foot","WB","U","14911","2.34","7207","2.52","22110","78.9%","57.5%","3794","55.8%","5597","57.5%","9391","56.8%","12761","58.0%","-1.2pp"
"Kitsune's Technique","U","R","6969","3.21","2105","4.18","541","6.8%","42.1%","102","","156","","258","","282","",""
"Kitsune, Dragon's Daughter","U","R","4396","1.77","3081","1.77","9834","81.1%","59.5%","1586","60.6%","2955","66.3%","4541","64.3%","5334","55.5%","8.8pp"
"Koya, Death from Above","W","U","15267","2.26","8167","2.36","26792","83.5%","58.6%","4627","57.6%","6437","60.9%","11064","59.5%","15744","57.9%","1.6pp"
"Krang & Shredder","UB","R","3023","1.22","2739","1.21","10080","96.3%","55.8%","1656","53.6%","2880","60.0%","4536","57.6%","5567","54.2%","3.4pp"
"Krang, Master Mind","U","R","4206","1.76","2783","1.79","8753","80.2%","57.6%","1485","56.4%","2596","61.4%","4081","59.6%","4601","55.7%","3.9pp"
"Krang, Utrom Warlord","","M","2279","1.58","1367","1.60","3439","65.7%","54.1%","589","50.8%","991","58.0%","1580","55.3%","1849","53.0%","2.3pp"
"Leader's Talent","W","R","3177","1.35","2229","1.36","7186","83.8%","56.0%","1326","56.9%","1732","53.1%","3058","54.8%","4117","57.0%","-2.2pp"
"Leatherhead, Swamp Stalker","G","R","3662","1.48","2579","1.49","8341","82.1%","57.9%","1393","64.7%","2404","63.8%","3797","64.1%","4495","52.6%","11.5pp"
"Leonardo's Technique","W","R","4283","2.05","1883","2.22","4791","66.0%","55.8%","800","52.9%","1199","54.5%","1999","53.9%","2794","57.1%","-3.2pp"
"Leonardo, Big Brother","W","C","51019","3.02","16596","3.68","49738","77.1%","57.1%","8551","56.2%","11760","57.0%","20311","56.6%","29472","57.5%","-0.8pp"
"Leonardo, Cutting Edge","W","R","3831","1.59","2234","1.66","7186","82.8%","57.1%","1283","58.7%","1762","55.6%","3045","56.9%","4160","57.2%","-0.3pp"
"Leonardo, Leader in Blue","W","U","14497","2.26","6984","2.42","23171","85.0%","58.3%","4141","61.3%","5470","57.8%","9611","59.3%","13567","57.6%","1.7pp"
"Leonardo, Sewer Samurai","W","M","1693","1.33","1272","1.35","4200","84.3%","59.2%","739","57.2%","1105","62.9%","1844","60.6%","2367","58.2%","2.4pp"
"Lessons from Life","UG","U","18806","2.82","8874","3.06","23863","69.0%","57.2%","3995","57.5%","6932","62.9%","10927","60.9%","12952","54.1%","6.8pp"
"Lita, Little Orphan Amphibian","W","U","12704","1.92","7093","2.01","24084","86.3%","58.4%","4423","61.7%","5690","57.5%","10113","59.3%","14003","57.8%","1.5pp"
"Lord Dregg, Insect Invader","B","U","15609","2.42","7013","2.68","21923","80.5%","56.6%","3636","55.1%","5852","60.4%","9488","58.4%","12533","55.3%","3.1pp"
"Madame Null, Power Broker","B","R","3582","1.45","2642","1.48","8711","86.3%","56.4%","1523","59.2%","2182","56.9%","3705","57.8%","5041","55.2%","2.6pp"
"Make Your Move","W","C","52877","3.29","14001","4.31","32390","59.6%","56.2%","5424","54.1%","7692","56.6%","13116","55.6%","19271","56.6%","-1.0pp"
"Manhole Missile","R","C","45404","2.76","20014","3.09","63356","80.2%","58.0%","11278","59.7%","16542","60.0%","27820","59.9%","35525","56.5%","3.4pp"
"Mechanized Ninja Cavalry","WR","C","45080","2.66","20256","3.03","71441","89.6%","57.9%","13125","59.5%","17387","57.8%","30512","58.6%","40430","57.4%","1.2pp"
"Metalhead","U","U","16694","2.36","9784","2.45","32860","85.2%","58.7%","5466","59.7%","9630","64.1%","15096","62.5%","17561","55.2%","7.3pp"
"Metallic Mimic","","R","280","","173","","578","90.7%","58.0%","111","","154","","265","","311","",""
"Michelangelo's Technique","G","R","4620","2.16","2054","2.33","4522","58.2%","55.4%","751","56.5%","1278","60.0%","2029","58.7%","2494","52.8%","5.9pp"
"Michelangelo, Game Master","G","C","54264","3.28","15233","4.19","38457","66.9%","53.9%","6816","52.9%","10461","56.7%","17277","55.2%","21089","52.9%","2.3pp"
"Michelangelo, Improviser","G","M","1809","1.46","1164","1.50","3535","78.8%","56.6%","608","56.4%","970","59.3%","1578","58.2%","1950","55.3%","2.9pp"
"Michelangelo, Mutant BFF","G","U","13878","2.22","6569","2.41","21562","85.3%","56.3%","3622","57.5%","6032","60.2%","9654","59.1%","11893","54.0%","5.2pp"
"Michelangelo, Weirdness to 11","G","R","3752","1.49","2541","1.51","8122","83.1%","57.7%","1436","62.0%","2186","61.1%","3622","61.5%","4480","54.6%","6.8pp"
"Mighty Mutanimals","W","U","12152","1.75","8313","1.78","28398","85.8%","60.8%","4940","66.8%","7005","65.0%","11945","65.8%","16450","57.2%","8.6pp"
"Mikey & Don, Party Planners","UG","R","3309","1.32","2641","1.32","9313","91.2%","57.2%","1636","61.0%","2655","63.8%","4291","62.7%","5002","52.3%","10.5pp"
"Mikey & Leo, Chaos & Order","WG","R","3242","1.36","2304","1.38","7518","84.1%","56.2%","1332","57.3%","1992","58.5%","3324","58.0%","4186","55.0%","3.0pp"
"Mind Transfer Protocol","U","C","62682","4.11","18976","5.18","28672","39.2%","55.7%","4801","54.3%","8031","57.8%","12832","56.5%","15869","54.9%","1.6pp"
"Mona Lisa, Science Geek","G","U","17220","2.65","7027","3.00","20094","75.4%","54.6%","3605","55.7%","5524","56.4%","9129","56.1%","10918","53.2%","2.9pp"
"Mondo Gecko","U","M","3004","1.97","1689","2.05","4262","64.1%","57.4%","705","58.9%","1205","59.9%","1910","59.5%","2355","55.5%","4.0pp"
"Mouser Attack!","R","C","63998","4.41","13864","6.02","7214","13.6%","52.4%","1204","49.6%","1762","53.1%","2966","51.7%","4250","52.9%","-1.2pp"
"Mouser Foundry","R","C","49583","3.03","20474","3.41","63560","78.6%","58.3%","11389","58.8%","16858","60.8%","28247","60.0%","34440","56.8%","3.2pp"
"Mouser Mark III","UR","C","60261","3.93","18046","4.94","37215","53.2%","55.7%","6752","54.9%","9964","56.7%","16716","55.9%","20207","55.3%","0.6pp"
"Mutagen Man, Living Ooze","G","R","3792","1.47","2639","1.48","8571","84.0%","57.0%","1472","58.5%","2444","62.8%","3916","61.2%","4645","53.4%","7.8pp"
"Mutant Chain Reaction","G","C","62482","4.21","13798","5.78","11230","21.4%","52.5%","1797","50.3%","3113","55.6%","4910","53.7%","6333","51.5%","2.2pp"
"Mutant Town","","C","39136","3.64","14480","4.43","36364","65.0%","56.7%","6825","58.2%","10203","59.1%","17028","58.7%","19234","54.9%","3.8pp"
"Mutant Town Musicians","R","C","64878","4.43","14692","5.95","11516","20.4%","54.2%","2007","52.2%","2705","53.1%","4712","52.7%","6817","55.3%","-2.6pp"
"Negate","U","C","65093","4.57","14702","6.17","4041","7.1%","50.5%","689","47.8%","1104","51.4%","1793","50.0%","2257","50.9%","-0.8pp"
"New Generation's Technique","G","U","22144","3.56","5594","4.74","6864","32.5%","52.2%","1210","51.7%","1951","52.4%","3161","52.1%","3704","52.3%","-0.2pp"
"Ninja Teen","B","R","3411","1.46","2369","1.47","7414","80.2%","56.9%","1275","55.6%","2002","61.0%","3277","58.9%","4130","55.3%","3.6pp"
"Nobody","UR","C","56077","3.46","21027","4.03","59051","71.6%","57.0%","10406","55.9%","16318","59.7%","26724","58.2%","31705","55.8%","2.4pp"
"North Wind Avatar","UR","M","2872","1.76","1971","1.77","5678","73.6%","58.5%","995","58.8%","1659","64.7%","2654","62.5%","3060","55.0%","7.5pp"
"Northampton Farm","","R","6428","2.70","2240","3.29","5277","61.7%","54.8%","882","51.1%","1310","55.1%","2192","53.5%","3075","55.7%","-2.2pp"
"Novel Nunchaku","G","U","16398","2.43","7841","2.65","24404","80.0%","57.1%","3960","55.4%","6970","62.4%","10930","59.8%","13454","54.9%","4.9pp"
"Null Group Biological Assets","R","C","63660","4.31","14999","5.75","14099","24.3%","55.0%","2467","54.9%","3440","54.4%","5907","54.6%","8210","55.1%","-0.5pp"
"Old Hob, Alleycat Blues","R","U","18867","3.01","5831","3.67","11678","52.0%","54.9%","1914","51.7%","2858","56.1%","4772","54.3%","6944","55.2%","-0.9pp"
"Omni-Cheese Pizza","","C","57732","3.33","19956","4.13","50575","65.1%","56.6%","9472","55.7%","13394","58.6%","22866","57.4%","25911","55.5%","1.9pp"
"Ooze Spill","U","U","22159","3.40","8806","3.85","20094","58.9%","57.6%","3434","57.9%","5580","62.5%","9014","60.8%","11101","55.0%","5.7pp"
"Oroku Saki, Shredder Rising","B","C","47905","2.92","18804","3.36","56926","78.0%","57.2%","9978","57.8%","14151","57.4%","24129","57.6%","32777","56.9%","0.6pp"
"Pain 101","B","C","60507","3.94","14080","5.36","17203","32.2%","53.5%","2869","50.3%","4157","54.0%","7026","52.5%","10180","54.2%","-1.8pp"
"Paramecia Coloniex","B","U","22555","3.51","6805","4.45","12476","47.8%","54.6%","2289","55.0%","2941","53.1%","5230","53.9%","7263","55.1%","-1.2pp"
"Party Dude","G","R","4555","2.13","1914","2.32","4063","56.8%","51.4%","756","48.0%","1056","53.4%","1812","51.2%","2248","51.5%","-0.3pp"
"Path to Exile","W","U","391","","200","","625","79.9%","56.8%","106","","147","","253","","372","",""
"Pizza Face, Gastromancer","BG","U","15257","2.36","7519","2.54","22535","78.1%","56.0%","3716","53.9%","6121","60.3%","9837","57.9%","11361","53.2%","4.7pp"
"Plague of Vermin","B","R","619","3.12","173","","83","11.9%","","12","","18","","30","","53","",""
"Prehistoric Pet","W","R","4123","1.77","2373","1.82","7319","80.4%","57.2%","1332","62.0%","1720","53.4%","3052","57.2%","4279","57.1%","0.1pp"
"Primordial Pachyderm","G","C","55549","3.43","18840","4.14","50279","69.2%","56.0%","8488","56.7%","14427","59.1%","22915","58.2%","27606","54.1%","4.1pp"
"Punk Frogs","UG","C","65387","4.39","15220","5.91","7712","13.2%","49.8%","1307","47.4%","2143","51.9%","3450","50.2%","4258","49.5%","0.7pp"
"Purple Dragon Punks","R","C","62734","4.27","16353","5.51","20138","31.6%","55.3%","3657","54.8%","5222","55.4%","8879","55.2%","11270","55.3%","-0.2pp"
"Putrid Pals","BG","C","60310","3.83","12622","5.30","13341","27.7%","50.6%","2206","47.3%","3475","52.6%","5681","50.5%","7622","50.6%","-0.0pp"
"Quintessential Katana","W","U","16930","2.70","6567","3.05","18233","71.8%","57.6%","3159","59.5%","4264","56.3%","7423","57.6%","10769","57.5%","0.1pp"
"Ragamuffin Raptor","G","C","54942","3.43","18886","4.14","50643","69.8%","55.4%","8372","52.3%","14577","59.7%","22949","57.0%","27836","54.2%","2.8pp"
"Raph & Leo, Sibling Rivals","WR","R","3304","1.45","2106","1.45","6901","84.4%","56.5%","1204","59.3%","1700","56.8%","2904","57.8%","4025","55.4%","2.5pp"
"Raph & Mikey, Troublemakers","RG","R","3120","1.25","2640","1.24","9307","91.1%","57.0%","1488","56.5%","2624","64.6%","4112","61.6%","5213","53.3%","8.3pp"
"Raphael's Technique","R","R","7525","3.40","2208","4.44","534","6.3%","47.0%","90","","141","","231","","300","",""
"Raphael, Most Attitude","R","U","19063","3.14","5239","4.00","10329","51.2%","53.6%","1755","53.4%","2545","52.9%","4300","53.1%","6052","53.8%","-0.7pp"
"Raphael, Ninja Destroyer","R","M","2200","1.91","1029","2.01","2359","59.2%","54.1%","408","","580","54.0%","988","53.8%","1381","54.0%","-0.2pp"
"Raphael, Tough Turtle","R","C","55719","3.48","15123","4.47","32825","56.2%","55.5%","5781","56.7%","7898","54.8%","13679","55.6%","19163","55.4%","0.2pp"
"Raphael, the Nightwatcher","R","R","4156","1.69","2440","1.74","7309","77.3%","57.0%","1295","57.6%","1921","61.1%","3216","59.7%","4112","55.0%","4.7pp"
"Rat King, Verminister","B","R","3592","1.51","2651","1.53","8905","86.0%","56.8%","1622","60.7%","2343","59.3%","3965","59.9%","4970","54.4%","5.5pp"
"Ravenous Robots","R","R","4076","1.70","2599","1.73","8232","79.8%","57.5%","1475","62.6%","2161","58.6%","3636","60.3%","4486","54.8%","5.5pp"
"Ray Fillet, Man Ray","U","U","17627","2.73","7422","3.08","21503","74.4%","56.5%","3641","56.1%","6055","60.1%","9696","58.6%","11843","54.8%","3.7pp"
"Renet, Temporal Apprentice","U","R","5273","2.36","2339","2.59","4958","55.3%","53.5%","826","51.8%","1331","56.2%","2157","54.5%","2814","52.7%","1.8pp"
"Retro-Mutation","U","C","56868","3.62","16637","4.63","33867","52.9%","54.0%","5637","52.0%","9657","57.2%","15294","55.3%","18596","53.0%","2.3pp"
"Return to the Sewers","U","C","59234","3.69","22507","4.37","55718","63.3%","57.0%","9233","56.3%","16003","61.1%","25236","59.4%","30534","55.1%","4.2pp"
"Rhythm of the Wild","RG","U","613","3.14","169","","123","19.4%","","27","","25","","52","","71","",""
"Rock Soldiers","R","C","64013","4.38","14720","5.86","10890","19.2%","53.0%","1837","52.2%","2850","52.8%","4687","52.6%","6071","53.1%","-0.5pp"
"Rocksteady, Crash Courser","G","C","58699","3.78","15356","4.93","27874","47.6%","54.0%","4752","51.9%","7850","55.9%","12602","54.4%","15319","53.5%","0.8pp"
"Sally Pride, Lioness Leader","W","R","3188","1.26","2782","1.26","9953","89.0%","62.0%","1743","67.9%","2562","70.7%","4305","69.6%","5622","56.2%","13.4pp"
"Savanti Romero, Time's Exile","B","R","3555","1.43","2699","1.43","9151","86.4%","57.7%","1514","58.8%","2531","62.2%","4045","60.9%","5156","55.2%","5.7pp"
"Saved by the Shell","G","U","19200","2.90","7109","3.38","18499","68.1%","55.1%","3121","54.9%","5095","59.0%","8216","57.4%","10297","53.3%","4.1pp"
"Sewer-veillance Cam","U","C","52660","3.27","21333","3.72","62417","74.7%","57.3%","10955","54.2%","17495","62.4%","28450","59.3%","33377","55.5%","3.8pp"
"Shadowspear","","R","229","","195","","743","93.9%","58.7%","132","","182","","314","","425","",""
"Shark Shredder, Killer Clone","B","R","3256","1.33","2574","1.33","8739","86.9%","57.4%","1478","57.7%","2309","60.8%","3787","59.6%","4962","55.7%","3.9pp"
"Shredder's Armor","B","U","24555","3.96","5464","5.45","2732","13.1%","51.0%","433","","688","48.5%","1121","48.5%","1612","52.6%","-4.1pp"
"Shredder's Revenge","B","C","60831","3.94","14910","5.28","21016","36.4%","55.2%","3635","53.1%","5327","55.9%","8962","54.8%","12054","55.6%","-0.8pp"
"Shredder's Technique","B","U","12959","1.96","7315","2.10","25350","89.7%","56.6%","4364","55.0%","6540","59.6%","10904","57.7%","14434","55.8%","2.0pp"
"Shredder, Unrelenting","B","U","15870","2.53","6475","2.87","19619","78.2%","56.4%","3233","55.7%","5129","59.1%","8362","57.8%","11326","55.4%","2.3pp"
"Silverclad Ferocidons","R","R","460","","162","","166","27.7%","","18","","52","","70","","96","",""
"Skateboard","","U","23758","3.49","5306","4.80","5765","28.5%","53.3%","988","51.6%","1458","52.8%","2446","52.3%","3293","54.0%","-1.6pp"
"Slash, Reptile Rampager","R","R","3681","1.60","2294","1.62","6906","77.9%","56.2%","1194","55.2%","1833","59.5%","3027","57.8%","3916","55.0%","2.9pp"
"Slithering Cryptid","UG","C","58219","3.58","17503","4.62","42166","62.8%","54.9%","7477","54.5%","11556","56.9%","19033","56.0%","23068","54.0%","2.0pp"
"South Wind Avatar","B","R","3357","1.48","2283","1.50","7345","84.2%","56.0%","1264","55.0%","1976","57.4%","3240","56.5%","4178","55.3%","1.2pp"
"Spicy Oatmeal Pizza","R","U","16397","2.45","8252","2.68","26440","82.5%","57.4%","4574","56.2%","6929","59.3%","11503","58.1%","14226","56.3%","1.7pp"
"Splinter's Technique","B","R","5292","2.52","1870","3.01","2814","39.5%","53.2%","433","","694","53.7%","1127","51.4%","1690","54.4%","-3.0pp"
"Splinter, Hamato Yoshi","B","U","15318","2.34","7025","2.55","22083","80.5%","57.9%","3952","59.7%","5459","57.8%","9411","58.6%","12684","57.3%","1.3pp"
"Splinter, Radical Rat","WB","R","3695","1.55","2252","1.59","6993","82.2%","55.7%","1261","55.3%","1721","54.6%","2982","54.9%","4036","56.3%","-1.4pp"
"Squirrelanoids","B","C","49186","3.01","17823","3.59","55186","79.6%","57.1%","10044","59.5%","13210","55.9%","23254","57.4%","31924","56.8%","0.6pp"
"Stockman, Mad Fly-entist","U","C","63754","4.23","16848","5.57","17618","27.1%","53.2%","3134","51.5%","4978","56.4%","8112","54.5%","9535","52.1%","2.5pp"
"Stomped by the Foot","B","C","44174","2.66","19112","3.06","61286","83.1%","56.6%","10711","55.4%","15823","58.4%","26534","57.2%","34766","56.2%","1.0pp"
"Super Shredder","B","M","2064","1.20","1719","1.20","5764","85.0%","58.2%","970","64.0%","1573","58.3%","2543","60.5%","3251","56.3%","4.2pp"
"Sword of Sinew and Steel","","M","219","","152","","504","87.0%","56.3%","87","","119","","206","","292","",""
"TCRI Building","","C","39475","3.69","14798","4.51","40145","69.4%","57.6%","7307","59.6%","10828","59.2%","18135","59.4%","21984","56.1%","3.3pp"
"Tainted Treats","BG","U","15850","2.39","8124","2.57","24476","77.7%","57.8%","4265","58.2%","6807","63.3%","11072","61.3%","13404","54.9%","6.4pp"
"Technodrome","","M","2392","1.50","1700","1.50","5081","77.4%","56.0%","914","61.7%","1376","58.8%","2290","60.0%","2778","52.7%","7.2pp"
"Teleportation Circle","W","R","364","","188","","499","71.1%","","101","","125","","226","","272","",""
"Tenderize","G","C","48175","2.95","18261","3.47","54228","77.7%","55.7%","9020","55.2%","15306","60.3%","24326","58.4%","29932","53.6%","4.8pp"
"The Cloning of Shredder","B","M","2174","1.31","1795","1.32","5944","85.0%","58.3%","1015","56.0%","1579","64.5%","2594","61.1%","3342","56.1%","5.0pp"
"The Last Ronin","BG","M","2344","1.39","1904","1.40","6351","84.0%","60.3%","1049","65.5%","1852","70.1%","2901","68.5%","3423","53.3%","15.2pp"
"The Last Ronin's Technique","W","U","14737","2.23","7285","2.38","24024","84.3%","57.9%","4086","58.7%","5857","58.4%","9943","58.5%","14073","57.5%","1.0pp"
"The Neutrinos","WR","U","17922","2.87","6599","3.31","14238","55.5%","55.1%","2387","54.6%","3532","55.6%","5919","55.2%","8364","55.1%","0.1pp"
"The Ooze","","R","2866","1.17","2599","1.16","9640","97.4%","57.2%","1779","59.0%","2521","60.2%","4300","59.7%","5280","55.2%","4.4pp"
"Tokka & Rahzar, Terrible Twos","BR","R","4823","2.19","1949","2.44","4661","62.9%","54.3%","830","56.7%","1171","55.2%","2001","55.8%","2668","53.4%","2.4pp"
"Transdimensional Bovine","G","R","4212","1.73","2651","1.79","8163","79.9%","57.2%","1465","60.3%","2287","60.3%","3752","60.3%","4447","54.5%","5.8pp"
"Triceraton Commander","W","M","2354","1.35","1845","1.35","6040","83.0%","59.1%","1065","62.3%","1520","63.9%","2585","63.2%","3462","56.2%","7.0pp"
"Trouble in Pairs","W","R","520","2.63","164","","191","31.7%","","28","","53","","81","","110","",""
"Tunnel Rats","B","C","61392","3.92","16740","5.11","29426","45.5%","54.7%","5350","55.6%","7121","53.2%","12471","54.2%","16975","55.1%","-0.8pp"
"Turncoat Kunoichi","W","R","3501","1.45","2529","1.45","8505","85.3%","59.3%","1429","61.2%","2154","63.9%","3583","62.8%","4936","56.7%","6.2pp"
"Turtle Blimp","","U","21881","3.07","9655","3.51","28392","75.3%","57.5%","4636","55.7%","7611","60.0%","12247","58.3%","16053","56.8%","1.6pp"
"Turtle Lair","","U","21472","3.09","6054","4.00","15926","68.6%","56.4%","2757","56.1%","3992","57.3%","6749","56.8%","9147","56.1%","0.8pp"
"Turtle Power!","G","R","6440","2.97","1934","3.73","695","9.4%","50.2%","126","","179","","305","","391","",""
"Turtle Van","","R","2949","1.26","2621","1.25","9807","96.8%","56.9%","1671","62.5%","2706","57.6%","4377","59.5%","5408","54.6%","4.8pp"
"Turtles Forever","W","R","6891","3.01","2142","3.79","1584","19.2%","53.1%","248","","392","","640","50.3%","944","55.0%","-4.7pp"
"Turtles in Time","U","M","4601","2.99","1621","3.65","746","12.0%","55.2%","138","","213","","351","","394","",""
"Umezawa's Jitte","","M","281","","267","","1042","98.8%","61.2%","187","","270","","457","","576","55.0%",""
"Undercity Sewers","","R","527","2.56","200","","441","55.3%","","108","","121","","229","","208","",""
"Underworld Breach","R","R","622","3.04","170","","28","4.4%","","5","","8","","13","","16","",""
"Uneasy Alliance","W","C","43715","2.66","16953","3.10","54106","82.0%","57.8%","9298","55.7%","13111","59.3%","22409","57.8%","31681","57.8%","0.0pp"
"Utrom Scientists","U","C","58018","3.78","16318","4.89","31789","50.5%","54.4%","5667","51.3%","8693","57.0%","14360","54.7%","17163","53.9%","0.8pp"
"Venus, Torn Between Worlds","G","U","18272","2.89","5806","3.50","13707","62.2%","53.6%","2243","50.2%","3923","54.8%","6166","53.2%","7559","53.9%","-0.7pp"
"Waves of Aggression","WR","R","384","","133","","239","46.7%","","43","","53","","96","","143","",""
"Weather Maker","","R","3538","1.55","2608","1.56","9030","88.5%","56.3%","1689","61.1%","2444","55.4%","4133","57.7%","4850","55.1%","2.7pp"
"West Wind Avatar","G","U","17338","2.63","7733","2.92","23025","77.1%","56.6%","3592","54.5%","6812","62.6%","10404","59.8%","12774","53.9%","5.9pp"
"Wingnut, Bat on the Belfry","R","U","19953","3.21","5991","3.96","12131","52.7%","54.7%","2137","55.1%","2860","53.2%","4997","54.0%","7150","55.1%","-1.1pp"
"Zog, Triceraton Castaway","R","C","63920","4.26","14449","5.77","12163","21.7%","53.5%","2082","51.0%","3070","54.8%","5152","53.2%","7052","53.7%","-0.5pp"
"Zoo Escapees","G","C","57976","3.69","16038","4.77","34823","56.9%","54.1%","6359","54.3%","9445","55.4%","15804","54.9%","19047","53.3%","1.6pp"